id,name,email
1,Leanne Graham,sincere@april.biz
2,Ervin Howell,shanna@melissa.tv
3,Clementine Bauch,nathan@yesenia.net
4,Patricia Lebsack,julianne.oconner@kory.org
5,Chelsey Dietrich,lucio_hettinger@annie.ca
6,Mrs. Dennis Schulist,karley_dach@jasper.info
7,Kurtis Weissnat,telly.hoeger@billy.biz
8,Nicholas Runolfsdottir V,sherwood@rosamond.me
9,Glenna Reichert,chaim_mcdermott@dana.io
10,Clementina DuBuque,rey.padberg@karina.biz
1,Leanne Graham,sincere@april.biz
2,Ervin Howell,shanna@melissa.tv
3,Clementine Bauch,nathan@yesenia.net
4,Patricia Lebsack,julianne.oconner@kory.org
5,Chelsey Dietrich,lucio_hettinger@annie.ca
6,Mrs. Dennis Schulist,karley_dach@jasper.info
7,Kurtis Weissnat,telly.hoeger@billy.biz
8,Nicholas Runolfsdottir V,sherwood@rosamond.me
9,Glenna Reichert,chaim_mcdermott@dana.io
10,Clementina DuBuque,rey.padberg@karina.biz
